timestamp,ativo,direcao,preco_entrada,preco_saida,pnl_percentual,tempo_posicionado_seg,motivo_saida
2026-03-17 21:52:10,SUI-USDT,SHORT,1.0252,1.026,-0.078,241,TIME_STOP_PREJUIZO
2026-03-17 21:52:10,BNB-USDT,SHORT,667.2,667.82,-0.0929,241,TIME_STOP_PREJUIZO
2026-03-17 21:52:11,ZEC-USDT,SHORT,272.0,272.83,-0.3051,241,TIME_STOP_PREJUIZO
2026-03-19 02:32:25,FIGHTID-USDT,SHORT,0.0038622274000000003,0.00384,0.4455,2341,TIME_STOP,0.4455072836985267,5,0.13
2026-03-19 02:32:25,KAT-USDT,SHORT,0.010317936,0.01081,-4.899,2351,STOP_LOSS,0.0,5,0.13
2026-03-19 02:32:25,OWL-USDT,SHORT,0.005078984000000001,0.00505,0.4407,2351,TIME_STOP,0.44066531416521476,5,0.13
2026-03-19 02:32:25,XNY-USDT,SHORT,0.0057058586000000005,0.00568,0.3232,2351,TIME_STOP,0.3231938453574776,5,0.13
2026-03-19 02:32:25,LYN-USDT,SHORT,0.08568286,0.07576,11.4509,2351,TAKE_PROFIT,11.450915949817743,5,0.13
2026-03-19 02:32:25,BARD-USDT,LONG,0.6496299,0.6487,-0.2731,2351,TIME_STOP,0.3733789239072977,5,0.13
2026-03-19 02:32:25,ROBO-USDT,LONG,0.026715342,0.0268,0.1869,2351,TIME_STOP,0.18688907445018427,5,0.13
2026-03-19 02:32:25,A2Z-USDT,SHORT,0.0004689062,0.000507,-8.254,2333,STOP_LOSS,0.0,5,0.13
2026-03-19 02:42:26,AIN-USDT,SHORT,0.09655068600000001,0.102,-5.774,601,STOP_LOSS,0.0,5,0.13
2026-03-19 02:52:28,FIGHTID-USDT,SHORT,0.0038112376,0.003817,-0.2812,1203,TIME_STOP,0.0,5,0.13
2026-03-19 02:52:28,LONGXIA-USDT,SHORT,0.012159567599999999,0.012064,0.6559,1804,TIME_STOP,0.9191129635234697,5,0.13
2026-03-19 02:52:28,KAT-USDT,SHORT,0.010807838,0.01086,-0.6126,1203,TIME_STOP,0.0,5,0.13
2026-03-19 02:52:28,OWL-USDT,SHORT,0.00504899,0.00489,3.0189,1203,TAKE_PROFIT,3.01894662100736,5,0.13
2026-03-19 02:52:28,XNY-USDT,SHORT,0.0057978402,0.005956,-2.8579,1203,STOP_LOSS,0.0,5,0.13
2026-03-19 02:52:28,LYN-USDT,SHORT,0.070295938,0.07818,-11.3455,1203,STOP_LOSS,0.0,5,0.13
2026-03-19 02:52:28,BARD-USDT,LONG,0.64872972,0.6454,-0.6433,1203,TIME_STOP,0.0,5,0.13
2026-03-19 02:52:28,ROBO-USDT,SHORT,0.02679464,0.02675,0.0366,1203,TIME_STOP,0.03660048427596727,5,0.13
2026-03-19 02:52:28,A2Z-USDT,SHORT,0.0005058988,0.000505,0.0477,1203,TIME_STOP,0.04766399129628141,5,0.13
2026-03-19 03:02:29,AIN-USDT,SHORT,0.103219352,0.10676,-3.5602,601,STOP_LOSS,0.0,5,0.13
2026-03-19 03:22:32,LYN-USDT,SHORT,0.07862427200000001,0.08458,-7.7049,601,STOP_LOSS,0.0,5,0.13
2026-03-19 03:22:32,A2Z-USDT,SHORT,0.0005048990000000001,0.000539,-6.884,601,STOP_LOSS,0.0,5,0.13
2026-03-19 03:42:35,BARD-USDT,SHORT,0.6447710200000001,0.6413,0.4083,1203,TIME_STOP,0.40833374831271146,5,0.13
2026-03-19 03:42:35,ROBO-USDT,SHORT,0.02689462,0.027,-0.5218,1203,TIME_STOP,0.0,5,0.13
2026-03-19 03:42:35,FIGHTID-USDT,SHORT,0.0038572284,0.00381,1.0944,1203,TIME_STOP,1.0944128452440094,5,0.13
2026-03-19 03:42:35,LONGXIA-USDT,SHORT,0.0122265542,0.012252,-0.3381,1203,TIME_STOP,0.0,5,0.13
2026-03-19 03:42:35,KAT-USDT,SHORT,0.010807838,0.0106,1.793,1203,TIME_STOP,1.7930303044882805,5,0.13
2026-03-19 03:42:35,OWL-USDT,SHORT,0.004969006,0.00497,-0.15,1203,TIME_STOP,0.0,5,0.13
2026-03-19 03:42:35,XNY-USDT,SHORT,0.0057998398,0.005762,0.5224,1203,TIME_STOP,1.2983118647518463,5,0.13
2026-03-19 03:52:36,LRC-USDT,LONG,0.024394878,0.0247,1.1208,1210,TIME_STOP,1.120762557615584,5,0.13
2026-03-19 03:52:36,AIN-USDT,SHORT,0.10742851,0.10687,0.3899,1211,TIME_STOP,0.3898899249370565,5,0.13
2026-03-19 03:52:36,PUMPBTC-USDT,SHORT,0.017676464000000003,0.01762,0.1894,1210,TIME_STOP,1.2643060105233814,5,0.13
2026-03-19 04:02:37,LYN-USDT,SHORT,0.084923012,0.07694,9.2703,1202,TAKE_PROFIT,9.270293056021154,5,0.13
2026-03-19 04:02:37,A2Z-USDT,SHORT,0.0005228954,0.000512,1.9537,1202,TIME_STOP,1.9536672114537728,5,0.13
2026-03-19 13:39:50,OWL-USDT,SHORT,0.003909218000000001,0.004,-2.4523,4,STOP_LOSS,0.0,5,0.13
2026-03-19 14:49:57,LYN-USDT,SHORT,0.098050386,0.0995,-1.6084,542,STOP_LOSS,0.0,5,0.13
2026-03-19 14:49:57,UAI-USDT,SHORT,0.49710055999999997,0.5065,-2.0209,542,STOP_LOSS,0.0,5,0.13
2026-03-19 14:49:57,XAN-USDT,LONG,0.0135207036,0.013143,-2.9235,542,STOP_LOSS,0.30116395214817976,5,0.13
2026-03-19 14:59:58,DEGO-USDT,SHORT,0.56658666,0.5922,-4.6506,1143,STOP_LOSS,0.13238881091905214,5,0.13
2026-03-19 14:59:58,THE-USDT,SHORT,0.16356728,0.1613,1.2561,1143,TIME_STOP,1.256145199700093,5,0.13
2026-03-19 14:59:58,AIA-USDT,SHORT,0.11292740999999999,0.10991,2.542,1131,TIME_STOP,2.541990794794637,5,0.13
2026-03-19 14:59:58,PTB-USDT,SHORT,0.0013257348,0.001323,0.0763,1143,TIME_STOP,0.07628560101160145,5,0.13
2026-03-19 14:59:58,ARIA-USDT,SHORT,0.20014996200000001,0.19988,0.0049,1143,TIME_STOP,0.004879865727884798,5,0.13
2026-03-19 15:09:59,LYN-USDT,SHORT,0.100219952,0.09857,1.5163,1203,TIME_STOP,1.5163308623416585,5,0.13
2026-03-19 15:09:59,OWL-USDT,SHORT,0.003979204,0.00406,-2.1605,1804,STOP_LOSS,0.8552221700621568,5,0.13
2026-03-19 15:09:59,UAI-USDT,SHORT,0.5306938400000001,0.5251,0.9241,1203,TIME_STOP,0.924061603579207,5,0.13
2026-03-19 15:09:59,XAN-USDT,SHORT,0.013077384,0.012757,2.3199,1203,TIME_STOP,2.3199089420330545,5,0.13
2026-03-19 15:09:59,TESTICLE-USDT,SHORT,0.0064187160000000005,0.00641,0.0058,1203,TIME_STOP,0.005790397954990152,5,0.13
2026-03-19 15:30:02,DEGO-USDT,SHORT,0.5673865,0.5701,-0.6082,2404,TIME_STOP,0.0,5,0.13
2026-03-19 15:30:02,LYN-USDT,SHORT,0.098750246,0.10588,-7.35,1804,STOP_LOSS,0.0,5,0.13
2026-03-19 15:30:02,OWL-USDT,SHORT,0.004179164,0.00427,-2.3035,1804,STOP_LOSS,0.0,5,0.13
2026-03-19 15:30:02,UAI-USDT,SHORT,0.5309937800000001,0.5266,0.6975,1804,TIME_STOP,0.6974635533395747,5,0.13
2026-03-19 15:30:02,THE-USDT,SHORT,0.1634673,0.1597,2.1746,2404,TIME_STOP,2.1746199453958077,5,0.13
2026-03-19 15:30:02,AIA-USDT,SHORT,0.11056788199999999,0.10959,0.7544,2404,TIME_STOP,1.6407511119729998,5,0.13
2026-03-19 15:30:02,XAN-USDT,SHORT,0.0130143966,0.01316,-1.2488,1804,TIME_STOP,0.0,5,0.13
2026-03-19 15:30:02,PTB-USDT,SHORT,0.0013457308,0.001271,5.4232,2404,TAKE_PROFIT,5.42317601410326,5,0.13
2026-03-19 15:30:02,ARIA-USDT,SHORT,0.20102978600000002,0.19928,0.7404,2404,TIME_STOP,0.740411313077756,5,0.13
2026-03-19 15:30:02,TESTICLE-USDT,LONG,0.006471294,0.00653,0.7772,1804,TIME_STOP,0.7771755973380344,5,0.13
2026-03-19 15:40:03,ARC-USDT,SHORT,0.042201558,0.04264,-1.1689,1202,TIME_STOP,0.0,5,0.13
2026-03-19 16:20:07,LYN-USDT,SHORT,0.102869422,0.1043,-1.5207,601,STOP_LOSS,0.0,5,0.13
2026-03-19 16:20:07,OWL-USDT,SHORT,0.004179164,0.00429,-2.7821,601,STOP_LOSS,0.0,5,0.13
2026-03-19 16:20:07,AIA-USDT,SHORT,0.10800839400000001,0.09836,8.803,601,TAKE_PROFIT,8.803003855237405,5,0.13
2026-03-19 16:30:09,DEGO-USDT,LONG,0.58141626,0.6056,4.0295,1207,TAKE_PROFIT,4.029453676097743,5,0.13
2026-03-19 16:30:09,THE-USDT,SHORT,0.15876824,0.1579,0.4169,1207,TIME_STOP,0.7317844475696101,5,0.13
2026-03-19 16:30:09,PTB-USDT,SHORT,0.0012387522000000002,0.001214,1.8682,1207,TIME_STOP,1.8681558862216454,5,0.13
2026-03-19 16:30:09,ARIA-USDT,SHORT,0.19891021,0.19502,1.8258,1207,TIME_STOP,1.82576184852452,5,0.13
2026-03-19 16:30:09,UAI-USDT,SHORT,0.53719254,0.5263,1.8977,1207,TIME_STOP,1.897678939845304,5,0.13
2026-03-19 16:30:09,XAN-USDT,SHORT,0.013376324200000001,0.013718,-2.6843,1207,STOP_LOSS,0.0,5,0.13
2026-03-19 16:30:09,KAT-USDT,SHORT,0.009558088000000001,0.00976,-2.2425,606,STOP_LOSS,0.0,5,0.13
2026-03-19 16:30:09,TESTICLE-USDT,SHORT,0.0063487299999999995,0.00643,-1.4101,1207,TIME_STOP,0.0,5,0.13
2026-03-19 16:50:11,ARC-USDT,SHORT,0.042861426,0.04284,-0.08,1202,TIME_STOP,0.0,5,0.13
2026-03-19 17:16:10,DEGO-USDT,SHORT,0.58968204,0.6025,-2.3037,602,STOP_LOSS,0.0,5,0.13
2026-03-19 17:16:10,OWL-USDT,SHORT,0.004229154000000001,0.00423,-0.15,1198,TIME_STOP,0.32290381953460173,5,0.13
2026-03-19 17:16:10,AIA-USDT,SHORT,0.101989598,0.10061,1.2227,1198,TIME_STOP,1.2226850061709191,5,0.13
2026-03-19 17:16:10,LYN-USDT,SHORT,0.10517896,0.10165,3.2252,1198,TAKE_PROFIT,3.225195753979691,5,0.13
2026-03-19 17:26:11,THE-USDT,SHORT,0.15866826,0.1579,0.3542,1203,TIME_STOP,0.35419261672119734,5,0.13
2026-03-19 17:26:11,PTB-USDT,SHORT,0.0012337532,0.001248,-1.2848,1203,TIME_STOP,0.0,5,0.13
2026-03-19 17:26:11,ARIA-USDT,SHORT,0.19518095600000002,0.19391,0.5212,1203,TIME_STOP,0.5211680371111705,5,0.13
2026-03-19 17:26:11,UAI-USDT,SHORT,0.52819434,0.5319,-0.8316,1203,TIME_STOP,0.0,5,0.13
2026-03-19 17:26:11,XAN-USDT,SHORT,0.013997200000000001,0.013717,1.8718,1203,TIME_STOP,1.8718289372160235,5,0.13
2026-03-19 17:26:11,KAT-USDT,SHORT,0.009628074,0.00971,-0.9809,1203,TIME_STOP,0.1615847967101332,5,0.13
2026-03-19 17:26:11,TESTICLE-USDT,SHORT,0.0064187160000000005,0.00625,2.4985,1203,TIME_STOP,2.49850077803723,5,0.13
2026-03-19 17:36:12,LYN-USDT,SHORT,0.105588878,0.10062,4.5759,601,TAKE_PROFIT,4.57587252570294,5,0.13
2026-03-19 17:36:12,ARC-USDT,SHORT,0.042771444,0.04261,0.2475,1202,TIME_STOP,0.2474574456733252,5,0.13
2026-03-19 17:46:13,DEGO-USDT,SHORT,0.60307936,0.6427,-6.6997,3005,STOP_LOSS,0.0,5,0.13
2026-03-19 17:46:13,OWL-USDT,SHORT,0.004309138,0.00416,3.331,3005,TAKE_PROFIT,3.3309706163970625,5,0.13
2026-03-19 17:46:13,THE-USDT,SHORT,0.15636872000000002,0.1584,-1.429,2404,TIME_STOP,0.0,5,0.13
2026-03-19 17:46:13,AIA-USDT,SHORT,0.10155968400000001,0.10348,-2.0208,3005,STOP_LOSS,0.9331029533333436,5,0.13
2026-03-19 17:46:13,PTB-USDT,SHORT,0.001244751,0.001243,0.0107,2404,TIME_STOP,0.010670704422020096,5,0.13
2026-03-19 17:46:13,ARIA-USDT,SHORT,0.19363126600000002,0.19459,-0.6251,2404,TIME_STOP,0.0,5,0.13
2026-03-19 17:46:13,UAI-USDT,SHORT,0.5308938000000001,0.5335,-0.6209,2404,TIME_STOP,0.0,5,0.13
2026-03-19 17:46:13,SAHARA-USDT,SHORT,0.027084582,0.02724,-0.7038,2404,TIME_STOP,0.0,5,0.13
2026-03-19 17:46:13,XAN-USDT,SHORT,0.013767246,0.013479,1.9637,2404,TIME_STOP,1.9637085020489988,5,0.13
2026-03-19 17:46:13,KAT-USDT,SHORT,0.00974805,0.01012,-3.9456,2404,STOP_LOSS,0.0,5,0.13
2026-03-19 17:46:13,BITLIGHT-USDT,SHORT,0.178444304,0.18332,-2.8623,3005,STOP_LOSS,0.0,5,0.13
2026-03-19 17:46:13,TESTICLE-USDT,SHORT,0.006058788000000001,0.00632,-4.4413,2404,STOP_LOSS,0.0,5,0.13
2026-03-19 18:36:19,LYN-USDT,SHORT,0.104139168,0.10058,3.2877,602,TAKE_PROFIT,3.287703509980031,5,0.13
2026-03-19 19:06:21,DEGO-USDT,SHORT,0.6477704200000001,0.6345,1.9186,1207,TIME_STOP,1.9186301304094922,5,0.13
2026-03-19 19:06:21,OWL-USDT,SHORT,0.004229154000000001,0.00419,0.7958,1207,TIME_STOP,0.7958116398693554,5,0.13
2026-03-19 19:06:21,THE-USDT,SHORT,0.15806837999999998,0.1582,-0.2133,1207,TIME_STOP,0.0,5,0.13
2026-03-19 19:06:21,AIA-USDT,SHORT,0.101689658,0.10228,-0.7105,1207,TIME_STOP,0.0,5,0.13
2026-03-19 19:06:21,PTB-USDT,SHORT,0.0012227554,0.001222,-0.0682,1207,TIME_STOP,0.0,5,0.13
2026-03-19 19:06:21,OPN-USDT,SHORT,0.29964006000000004,0.3014,-0.7174,1809,TIME_STOP,0.0,5,0.13
2026-03-19 19:06:21,ARIA-USDT,SHORT,0.192251542,0.19245,-0.2332,1207,TIME_STOP,0.0,5,0.13
2026-03-19 19:06:21,UAI-USDT,SHORT,0.5326934400000001,0.534,-0.3753,1207,TIME_STOP,0.0,5,0.13
2026-03-19 19:06:21,SAHARA-USDT,SHORT,0.027104578,0.0272,-0.4821,1207,TIME_STOP,0.0,5,0.13
2026-03-19 19:06:21,XAN-USDT,SHORT,0.0132513492,0.01335,-0.8745,1207,TIME_STOP,0.0,5,0.13
2026-03-19 19:16:22,BITLIGHT-USDT,SHORT,0.183383316,0.18315,-0.0028,1207,TIME_STOP,0.0,5,0.13
2026-03-19 19:16:22,ARC-USDT,SHORT,0.043191360000000005,0.04303,0.2436,1809,TIME_STOP,0.24359323716596606,5,0.13
2026-03-19 19:16:22,LYN-USDT,SHORT,0.100799836,0.10066,0.0087,1554,TIME_STOP,0.008726416181871845,5,0.13
2026-03-19 19:16:22,KAT-USDT,SHORT,0.009908018000000001,0.01002,-1.2602,1554,TIME_STOP,0.0,5,0.13
2026-03-19 19:26:23,PTB-USDT,SHORT,0.001224755,0.001253,-2.4362,601,STOP_LOSS,0.0,5,0.13
2026-03-19 19:26:23,UAI-USDT,SHORT,0.5581883400000001,0.5665,-1.619,601,STOP_LOSS,0.0,5,0.13
2026-03-19 19:46:25,DEGO-USDT,SHORT,0.62777442,0.6275,-0.0863,1202,TIME_STOP,0.0,5,0.13
2026-03-19 19:46:25,OWL-USDT,SHORT,0.0041591679999999995,0.00412,0.8117,1202,TIME_STOP,1.2925922107498231,5,0.13
2026-03-19 19:46:25,THE-USDT,SHORT,0.15736852,0.1564,0.4854,1202,TIME_STOP,0.4854471046687104,5,0.13
2026-03-19 19:46:25,AIA-USDT,SHORT,0.103119372,0.10425,-1.2264,1202,TIME_STOP,0.0,5,0.13
2026-03-19 19:46:25,OPN-USDT,SHORT,0.30063986000000004,0.2964,1.2803,1202,TIME_STOP,1.280278730172386,5,0.13
2026-03-19 19:46:25,ARIA-USDT,SHORT,0.194621068,0.19302,0.6927,1202,TIME_STOP,0.6926591378072239,5,0.13
2026-03-19 19:46:25,LYN-USDT,SHORT,0.09843031,0.10195,-3.7058,601,STOP_LOSS,0.0,5,0.13
2026-03-19 19:46:25,SAHARA-USDT,SHORT,0.027134572000000003,0.02699,0.4028,1202,TIME_STOP,0.40279631607973226,5,0.13
2026-03-19 19:46:25,XAN-USDT,SHORT,0.013321335200000001,0.013313,-0.0674,1202,TIME_STOP,0.0,5,0.13
2026-03-19 19:46:25,BITLIGHT-USDT,SHORT,0.18333332600000002,0.18248,0.3355,1202,TIME_STOP,0.3354505640725763,5,0.13
2026-03-19 19:46:25,ARC-USDT,SHORT,0.043111376,0.04325,-0.4515,1202,TIME_STOP,0.0,5,0.13
2026-03-19 19:46:25,TESTICLE-USDT,LONG,0.0063012599999999995,0.00638,1.1196,1202,TIME_STOP,1.1195913515709677,5,0.13
2026-03-19 20:06:27,KAT-USDT,LONG,0.010112021999999998,0.01014,0.1467,1207,TIME_STOP,0.740033708391877,5,0.13
2026-03-19 20:26:29,RTX-USDT,SHORT,1.8276344000000002,1.81,0.8349,3001,TIME_STOP,0.8348756884856271,5,0.13
2026-03-19 20:26:29,DEGO-USDT,SHORT,0.6403719,0.5933,7.2207,3001,TAKE_PROFIT,7.220712921663169,5,0.13
2026-03-19 20:26:29,OWL-USDT,SHORT,0.004239152,0.00428,-1.0936,3001,TIME_STOP,0.0,5,0.13
2026-03-19 20:26:29,THE-USDT,SHORT,0.15666866000000002,0.1575,-0.6606,3001,TIME_STOP,0.0,5,0.13
2026-03-19 20:26:29,AIA-USDT,SHORT,0.104289138,0.10653,-2.2787,3001,STOP_LOSS,0.0,5,0.13
2026-03-19 20:26:29,PTB-USDT,SHORT,0.00124975,0.001247,0.09,3607,TIME_STOP,0.09004400880175487,5,0.13
2026-03-19 20:26:29,OPN-USDT,SHORT,0.29604078,0.2984,-0.9269,3001,TIME_STOP,0.0,5,0.13
2026-03-19 20:26:29,LYN-USDT,SHORT,0.09891021400000001,0.10163,-2.8798,3001,STOP_LOSS,0.0,5,0.13
2026-03-19 20:26:29,UAI-USDT,SHORT,0.5770845600000001,0.5944,-3.1305,3607,STOP_LOSS,0.577792286107971,5,0.13
2026-03-19 20:26:29,SAHARA-USDT,LONG,0.026995398,0.0268,-0.8538,3001,TIME_STOP,0.0,5,0.13
2026-03-19 20:26:29,XAN-USDT,LONG,0.013357671,0.01339,0.112,3001,TIME_STOP,0.11202572439462749,5,0.13
2026-03-19 22:17:14,AIA-USDT,SHORT,0.103109374,0.1035,-0.5088,1152,TIME_STOP,0.6064742608174568,5,0.13
2026-03-19 22:17:14,DEGO-USDT,LONG,0.60072012,0.5841,-2.8967,1152,STOP_LOSS,0.09970430888847207,5,0.13
2026-03-19 22:17:14,BARD-USDT,LONG,0.5771154,0.5805,0.4565,1152,TIME_STOP,0.45646849486256497,5,0.13
2026-03-19 22:17:14,OWL-USDT,SHORT,0.004209158,0.00418,0.5627,1152,TIME_STOP,0.5627276191580474,5,0.13
2026-03-19 22:17:14,RTX-USDT,SHORT,1.8276344000000002,1.808,0.9443,1138,TIME_STOP,0.9443067650729359,5,0.13
2026-03-19 22:17:14,UAI-USDT,SHORT,0.5879823799999999,0.5897,-0.4221,1152,TIME_STOP,0.5472958060409825,5,0.13
2026-03-19 22:17:14,PTB-USDT,SHORT,0.0012607478,0.001281,-1.7364,1152,STOP_LOSS,0.16726801823488918,5,0.13
2026-03-19 22:17:14,LYN-USDT,SHORT,0.10563886800000001,0.10509,0.3896,1152,TIME_STOP,0.38957012640461836,5,0.13
2026-03-19 22:17:14,STO-USDT,SHORT,0.094741048,0.09464,-0.0233,1150,TIME_STOP,0.26164439050747973,5,0.13
2026-03-19 22:37:16,AIA-USDT,SHORT,0.10248949800000001,0.10335,-0.9696,1198,TIME_STOP,0.0,5,0.13
2026-03-19 22:37:16,DEGO-USDT,SHORT,0.5828833999999999,0.5936,-1.9685,1198,STOP_LOSS,0.0,5,0.13
2026-03-19 22:37:16,BARD-USDT,SHORT,0.569886,0.5816,-2.1855,1198,STOP_LOSS,0.0,5,0.13
2026-03-19 22:37:16,OWL-USDT,SHORT,0.004219156,0.00419,0.561,1198,TIME_STOP,0.5610386816699785,5,0.13
2026-03-19 22:37:16,RTX-USDT,SHORT,1.8026394,1.775,1.4033,1198,TIME_STOP,1.4032739315472624,5,0.13
2026-03-19 22:37:16,UAI-USDT,SHORT,0.59558086,0.5946,0.0347,1198,TIME_STOP,0.03468964432469713,5,0.13
2026-03-19 22:37:16,PTB-USDT,SHORT,0.0013017396,0.001293,0.5414,1198,TIME_STOP,0.5413785153344033,5,0.13
2026-03-19 22:37:16,LYN-USDT,SHORT,0.10737851999999999,0.12061,-12.4523,1198,STOP_LOSS,0.026940140355809973,5,0.13
2026-03-19 22:37:16,STO-USDT,SHORT,0.094501096,0.09451,-0.1394,1198,TIME_STOP,0.0,5,0.13
2026-03-19 22:57:18,DEGO-USDT,SHORT,0.5815836600000001,0.5986,-3.0559,606,STOP_LOSS,0.0,5,0.13
2026-03-19 22:57:18,UAI-USDT,SHORT,0.58508296,0.5961,-2.013,606,STOP_LOSS,0.0,5,0.13
2026-03-19 22:57:18,LYN-USDT,SHORT,0.122215552,0.12395,-1.5492,606,STOP_LOSS,0.0,5,0.13
2026-03-19 23:07:20,BARD-USDT,SHORT,0.5719855800000001,0.5718,-0.0976,1804,TIME_STOP,0.0,5,0.13
2026-03-19 23:07:20,OWL-USDT,SHORT,0.004219156,0.00422,-0.15,1804,TRAILING_BREAKEVEN,1.0350671366500752,5,0.13
2026-03-19 23:07:20,TESTICLE-USDT,LONG,0.008101619999999999,0.00864,6.5153,1198,TAKE_PROFIT,6.515337599146857,5,0.13
2026-03-19 23:07:20,STO-USDT,SHORT,0.09469105800000001,0.09307,1.5819,1804,TIME_STOP,1.5819441204258253,5,0.13
2026-03-19 23:07:20,AIA-USDT,SHORT,0.10307938,0.10752,-4.438,1804,STOP_LOSS,0.0,5,0.13
2026-03-19 23:07:20,TRIA-USDT,LONG,0.038927784,0.0389,-0.2014,1196,TIME_STOP,0.0,5,0.13
2026-03-19 23:07:20,BEAT-USDT,LONG,0.6481296,0.6402,-1.3535,1196,TIME_STOP,0.0,5,0.13
2026-03-19 23:07:20,RTX-USDT,SHORT,1.7756448,1.774,-0.0374,1804,TIME_STOP,0.0,5,0.13
2026-03-19 23:07:20,ARIA-USDT,SHORT,0.190831826,0.18878,0.9452,1804,TIME_STOP,0.9452011564360373,5,0.13
2026-03-19 23:07:20,PTB-USDT,SHORT,0.0012737452,0.001302,-2.3482,1804,STOP_LOSS,0.24253918601617322,5,0.13
2026-03-19 23:37:24,DEGO-USDT,SHORT,0.57018594,0.5695,-0.0097,1202,TIME_STOP,0.0,5,0.13
2026-03-19 23:37:24,AIA-USDT,SHORT,0.110487898,0.11344,-2.8019,601,STOP_LOSS,0.0,5,0.13
2026-03-19 23:37:24,UAI-USDT,SHORT,0.6003799000000001,0.5992,0.0665,1202,TIME_STOP,0.06652556656212547,5,0.13
2026-03-19 23:37:24,LYN-USDT,SHORT,0.12842431,0.13427,-4.6819,1202,STOP_LOSS,1.1893062902187321,5,0.13
2026-03-19 23:47:26,BARD-USDT,SHORT,0.56308736,0.5591,0.5781,1202,TIME_STOP,0.5781245794613459,5,0.13
2026-03-19 23:47:26,OWL-USDT,SHORT,0.00424915,0.00422,0.556,1202,TIME_STOP,0.5560195568525553,5,0.13
2026-03-19 23:47:26,TESTICLE-USDT,SHORT,0.007998400000000001,0.00782,2.1004,1202,TIME_STOP,2.1004460892178485,5,0.13
2026-03-19 23:47:26,STO-USDT,SHORT,0.091841628,0.09074,1.0695,1202,TIME_STOP,1.0694865770454258,5,0.13
2026-03-19 23:47:26,TRIA-USDT,LONG,0.038747748,0.03884,0.1081,1202,TIME_STOP,0.10808351391157237,5,0.13
2026-03-19 23:47:26,BEAT-USDT,SHORT,0.63717254,0.6345,0.2894,1202,TIME_STOP,0.2894374101558201,5,0.13
2026-03-19 23:47:26,RTX-USDT,SHORT,1.7756448,1.778,-0.2626,1202,TIME_STOP,0.0,5,0.13
2026-03-19 23:57:29,ARIA-USDT,SHORT,0.189122168,0.18981,-0.4937,1202,TIME_STOP,0.0,5,0.13
2026-03-19 23:57:29,PTB-USDT,SHORT,0.001319736,0.001306,0.9108,1202,TIME_STOP,1.138132414361664,5,0.13
2026-03-19 23:57:29,LYN-USDT,SHORT,0.13061387200000002,0.12651,3.012,601,TAKE_PROFIT,3.0119878586862563,5,0.13
2026-03-20 00:07:30,DEGO-USDT,SHORT,0.57028592,0.5631,1.1301,1208,TIME_STOP,1.1300556576953462,5,0.13
2026-03-20 00:07:30,AIA-USDT,SHORT,0.110307934,0.11438,-3.8215,1208,STOP_LOSS,0.0,5,0.13
2026-03-20 00:07:30,UAI-USDT,SHORT,0.59997998,0.5932,1.0,1208,TIME_STOP,1.000034372146887,5,0.13
2026-03-20 00:07:30,PUMPBTC-USDT,SHORT,0.014427114000000001,0.01458,-1.1897,1208,TIME_STOP,0.0,5,0.13
2026-03-20 00:17:31,BARD-USDT,LONG,0.5636127,0.5619,-0.4339,1203,TIME_STOP,0.0,5,0.13
2026-03-20 00:17:31,OWL-USDT,SHORT,0.004219156,0.00421,0.087,1203,TIME_STOP,0.08701022668988173,5,0.13
2026-03-20 00:17:31,TESTICLE-USDT,LONG,0.008021604,0.00811,0.972,1203,TIME_STOP,0.9719741188919231,5,0.13
2026-03-20 00:17:31,STO-USDT,SHORT,0.092271542,0.09257,-0.4535,1203,TIME_STOP,0.0,5,0.13
2026-03-20 00:17:31,TRIA-USDT,SHORT,0.039082182,0.03878,0.6432,1203,TIME_STOP,0.7455447687132805,5,0.13
2026-03-20 00:17:31,BEAT-USDT,SHORT,0.58628272,0.5771,1.4363,1203,TIME_STOP,1.4362614105358735,5,0.13
2026-03-20 00:17:31,RTX-USDT,SHORT,1.8286342,1.828,-0.0953,1203,TIME_STOP,0.0,5,0.13
2026-03-20 00:17:31,LYN-USDT,SHORT,0.128394316,0.13037,-1.6688,596,STOP_LOSS,0.0,5,0.13
2026-03-20 00:27:32,DEGO-USDT,SHORT,0.5637872199999999,0.5588,0.7546,1207,TIME_STOP,0.7545925950573976,5,0.13
2026-03-20 00:27:32,KITE-USDT,SHORT,0.20653868400000003,0.21441,-3.9411,1207,STOP_LOSS,0.0,5,0.13
2026-03-20 00:27:32,ARC-USDT,SHORT,0.048230352,0.04827,-0.2122,1801,TIME_STOP,0.2024711376769458,5,0.13
2026-03-20 00:27:32,UAI-USDT,SHORT,0.5893821,0.5875,0.1893,1207,TIME_STOP,0.18933443516523452,5,0.13
2026-03-20 00:27:32,ARIA-USDT,SHORT,0.188282336,0.18852,-0.2562,1803,TIME_STOP,0.0,5,0.13
2026-03-20 00:37:33,PUMPBTC-USDT,LONG,0.014592918,0.01461,-0.0129,1207,TIME_STOP,0.0,5,0.13
2026-03-20 00:37:33,PTB-USDT,SHORT,0.0013017396,0.001303,-0.2268,1803,TIME_STOP,0.0,5,0.13
2026-03-20 00:37:33,BEAT-USDT,LONG,0.58771752,0.579,-1.6133,597,STOP_LOSS,0.0,5,0.13
2026-03-20 00:37:33,RTX-USDT,LONG,1.8433686,1.814,-1.7232,597,STOP_LOSS,0.0,5,0.13
2026-03-20 00:38:22,BARD-USDT,SHORT,0.55648868,0.5616,-1.0485,1199,TIME_STOP,0.0,5,0.13
2026-03-20 00:38:22,OWL-USDT,SHORT,0.004209158,0.00421,-0.15,1199,TIME_STOP,0.0,5,0.13
2026-03-20 00:38:22,TESTICLE-USDT,SHORT,0.007888421999999999,0.00774,1.7515,1199,TIME_STOP,1.7515169878081922,5,0.13
2026-03-20 00:38:22,STO-USDT,SHORT,0.09272145200000001,0.09093,1.8021,1199,TIME_STOP,1.802079320759572,5,0.13
2026-03-20 00:38:22,AIA-USDT,SHORT,0.11657668,0.11077,4.851,1199,TAKE_PROFIT,4.850996199239855,5,0.13
2026-03-20 00:38:22,TRIA-USDT,LONG,0.038427684000000004,0.0399,3.7014,1199,TAKE_PROFIT,3.701394054348928,5,0.13
2026-03-20 00:38:22,LYN-USDT,SHORT,0.13156368200000002,0.13709,-4.3305,1199,STOP_LOSS,0.0,5,0.13
2026-03-20 00:47:34,DEGO-USDT,SHORT,0.5523895,0.5564,-0.856,1210,TIME_STOP,0.0,5,0.13
2026-03-20 00:47:34,KITE-USDT,SHORT,0.213717248,0.21234,0.5144,1210,TIME_STOP,0.5144252922440764,5,0.13
2026-03-20 00:47:34,ARC-USDT,SHORT,0.048100378,0.04878,-1.5429,1210,STOP_LOSS,0.0,5,0.13
2026-03-20 00:47:34,UAI-USDT,SHORT,0.58868224,0.5887,-0.133,1210,TIME_STOP,0.2067249536863935,5,0.13
2026-03-20 00:47:34,ARIA-USDT,SHORT,0.189792034,0.18869,0.4507,1210,TIME_STOP,0.45065345355854175,5,0.13
2026-03-20 00:47:34,PUMPBTC-USDT,SHORT,0.01454709,0.01473,-1.3874,1210,TIME_STOP,0.0,5,0.13
2026-03-20 00:47:34,PTB-USDT,SHORT,0.0013057388000000001,0.001309,-0.3798,1210,TIME_STOP,0.0,5,0.13
2026-03-20 01:07:36,BEAT-USDT,LONG,0.59781954,0.5932,-0.9027,1204,TIME_STOP,0.55255714759674,5,0.13
2026-03-20 01:07:36,RTX-USDT,SHORT,1.8276344000000002,1.834,-0.4783,1204,TIME_STOP,0.06885815237446549,5,0.13
2026-03-20 01:15:52,LYN-USDT,SHORT,0.138332328,0.14184,-2.6657,596,STOP_LOSS,0.05963607696966259,5,0.13
2026-03-20 01:15:52,BARD-USDT,LONG,0.56031204,0.561,-0.0072,1197,TIME_STOP,0.0,5,0.13
2026-03-20 01:15:52,OWL-USDT,SHORT,0.004229154000000001,0.00418,1.0323,1197,TIME_STOP,1.0322655500367424,5,0.13
2026-03-20 01:15:52,TESTICLE-USDT,SHORT,0.0075184959999999995,0.00758,-0.948,1197,TIME_STOP,0.0,5,0.13
2026-03-20 01:15:52,ARC-USDT,SHORT,0.04864027,0.04948,-1.8564,601,STOP_LOSS,0.0,5,0.13
2026-03-20 01:15:52,STO-USDT,SHORT,0.0919816,0.09316,-1.4111,1197,TIME_STOP,0.0,5,0.13
2026-03-20 01:15:52,AIA-USDT,SHORT,0.113647266,0.11142,1.8298,1197,TIME_STOP,1.8298060546392656,5,0.13
2026-03-20 01:15:52,TRIA-USDT,SHORT,0.03989202,0.0396,0.602,1197,TIME_STOP,0.6020261044690066,5,0.13
2026-03-20 01:17:37,ZBCN-USDT,SHORT,0.00238122366,0.0023916,-0.5658,1197,TIME_STOP,0.0,5,0.13
2026-03-20 01:17:37,PTB-USDT,SHORT,0.001334733,0.001468,-10.1145,601,STOP_LOSS,0.0,5,0.13
2026-03-20 01:17:37,DEGO-USDT,SHORT,0.55278942,0.547,0.9173,1202,TIME_STOP,0.9173102035852884,5,0.13
2026-03-20 01:17:37,UAI-USDT,SHORT,0.57358526,0.5782,-0.9345,1202,TRAILING_BREAKEVEN,2.412823363347924,5,0.13
2026-03-20 01:17:37,ARIA-USDT,SHORT,0.185932806,0.18655,-0.4619,1202,TIME_STOP,0.0,5,0.13
2026-03-20 01:17:37,PUMPBTC-USDT,SHORT,0.014607078,0.01467,-0.5608,1202,TIME_STOP,0.0,5,0.13
2026-03-20 01:27:38,KITE-USDT,SHORT,0.213747242,0.21509,-0.7582,1202,TIME_STOP,0.0,5,0.13
2026-03-20 01:27:38,AIA-USDT,SHORT,0.111957604,0.1158,-3.562,601,STOP_LOSS,0.0,5,0.13
2026-03-20 01:27:38,BEAT-USDT,SHORT,0.60077982,0.5748,4.1943,1202,TAKE_PROFIT,4.194349642769291,5,0.13
2026-03-20 01:27:38,RTX-USDT,SHORT,1.8316336000000002,1.835,-0.3138,1202,TIME_STOP,0.0,5,0.13
2026-03-20 01:37:39,LYN-USDT,SHORT,0.143061382,0.14354,-0.4646,1202,TIME_STOP,0.9194670043100771,5,0.13
2026-03-20 03:27:45,BARD-USDT,LONG,0.56151228,0.5614,-0.15,1208,TIME_STOP,0.18837594005959196,5,0.13
2026-03-20 03:27:45,OWL-USDT,SHORT,0.00409918,0.00424,-3.5653,1208,STOP_LOSS,0.0,5,0.13
2026-03-20 03:27:45,TESTICLE-USDT,LONG,0.00790158,0.00793,0.2297,1208,TIME_STOP,0.22967490046293895,5,0.13
2026-03-20 03:27:45,ARC-USDT,SHORT,0.047710456,0.04747,0.374,1208,TIME_STOP,0.373990152598835,5,0.13
2026-03-20 03:27:45,TRIA-USDT,SHORT,0.039112176000000005,0.03973,-1.7096,1208,STOP_LOSS,0.0,5,0.13
2026-03-20 03:27:45,ZBCN-USDT,SHORT,0.0024185162000000004,0.0023991,0.6728,1208,TIME_STOP,0.6728145521622084,5,0.13
2026-03-20 03:27:45,PTB-USDT,SHORT,0.0014467106,0.001417,1.9237,1208,TIME_STOP,2.8913782908620402,5,0.13
2026-03-20 10:12:04,DEGO-USDT,SHORT,0.54319134,0.5218,3.8081,1803,TAKE_PROFIT,3.8080856108641163,5,0.13
2026-03-20 10:12:04,KITE-USDT,SHORT,0.214237144,0.2137,0.1207,1196,TIME_STOP,0.12072402944280725,5,0.13
2026-03-20 10:12:04,STO-USDT,SHORT,0.092311534,0.09275,-0.605,1803,TIME_STOP,0.0,5,0.13
2026-03-20 10:12:04,AIA-USDT,SHORT,0.11457708,0.11216,1.9796,1754,TIME_STOP,1.979566765010945,5,0.13
2026-03-20 10:12:04,BEAT-USDT,SHORT,0.57668464,0.5794,-0.6009,1754,TIME_STOP,0.47425399920482164,5,0.13
2026-03-20 12:59:54,PHA-USDT,SHORT,0.042101578,0.04132,1.7264,1196,TIME_STOP,1.7264102276641462,5,0.13
2026-03-20 12:59:54,RTX-USDT,LONG,1.8363672,1.891,2.845,1754,TIME_STOP,2.845047691986659,5,0.13
2026-03-20 12:59:54,UAI-USDT,LONG,0.5843168400000001,0.5956,1.801,1803,TIME_STOP,2.0405963497474957,5,0.13
2026-03-20 12:59:54,ARIA-USDT,SHORT,0.1859628,0.18217,1.9095,1803,TIME_STOP,1.9095476944851402,5,0.13
2026-03-20 12:59:54,PUMPBTC-USDT,SHORT,0.014757048,0.01462,0.7987,1803,TIME_STOP,1.1375163759039097,5,0.13
2026-03-20 12:59:54,LYN-USDT,SHORT,0.14349129600000002,0.1372,4.2544,1754,TAKE_PROFIT,4.25444433591291,5,0.13
2026-03-20 12:59:54,ARC-USDT,SHORT,0.047270544000000005,0.04835,-2.4136,496,STOP_LOSS,0.0,5,0.13
2026-03-20 12:59:54,ZBCN-USDT,SHORT,0.0025985801800000002,0.0026387,-1.6739,496,STOP_LOSS,0.0,5,0.13
2026-03-20 13:09:55,PHA-USDT,SHORT,0.041111775999999996,0.04171,-1.5851,105,STOP_LOSS,0.0,5,0.13
2026-03-20 13:29:58,DEGO-USDT,SHORT,0.51909616,0.5354,-3.2708,706,STOP_LOSS,0.0,5,0.13
2026-03-20 13:29:58,BARD-USDT,LONG,0.5666133,0.5703,0.5207,1202,TIME_STOP,0.5206553940756496,5,0.13
2026-03-20 13:29:58,OWL-USDT,SHORT,0.00409918,0.0041,-0.15,1202,TIME_STOP,0.0,5,0.13
2026-03-20 13:29:58,TESTICLE-USDT,SHORT,0.008088382,0.00824,-2.0045,1202,STOP_LOSS,0.5918007260290029,5,0.13
2026-03-20 13:29:58,TRIA-USDT,SHORT,0.039532092,0.03945,0.0777,1202,TIME_STOP,0.07765913425476925,5,0.13
2026-03-20 13:29:58,ARIA-USDT,SHORT,0.17906418000000002,0.18152,-1.5015,706,STOP_LOSS,0.0,5,0.13
2026-03-20 13:29:58,PTB-USDT,SHORT,0.0014427114,0.001405,2.4839,1202,TIME_STOP,2.4839254184863364,5,0.13
2026-03-20 13:49:59,LYN-USDT,SHORT,0.131303734,0.1152,12.1345,706,TAKE_PROFIT,12.13449051327056,5,0.13
2026-03-20 13:49:59,ARC-USDT,SHORT,0.048220354,0.04857,-0.8551,1202,TIME_STOP,0.0,5,0.13
2026-03-20 13:49:59,STO-USDT,SHORT,0.094121172,0.09173,2.4105,1307,TIME_STOP,2.4105251009836524,5,0.13
2026-03-20 14:00:01,AIA-USDT,SHORT,0.109768042,0.1049,4.3048,1307,TAKE_PROFIT,4.304844524237758,5,0.13
2026-03-20 14:00:01,BEAT-USDT,SHORT,0.5829833799999999,0.5866,-0.7504,1307,TIME_STOP,0.6390407915230665,5,0.13
2026-03-20 14:00:01,ZBCN-USDT,LONG,0.0026436286199999996,0.0025788,-2.5823,1202,STOP_LOSS,2.7853633538738283,5,0.13
2026-03-20 14:00:01,RTX-USDT,SHORT,1.8806238,1.874,0.2222,1307,TIME_STOP,1.0198206073963314,5,0.13
2026-03-20 14:00:01,PUMPBTC-USDT,SHORT,0.014607078,0.01451,0.5346,1307,TIME_STOP,0.5345956159062095,5,0.13
2026-03-20 14:00:01,SIGN-USDT,SHORT,0.046570684,0.04599,1.1169,7207,TIME_STOP,1.116887419562053,5,0.13
2026-03-20 14:00:01,DEGO-USDT,SHORT,0.5318936000000001,0.4593,13.5181,6606,TAKE_PROFIT,13.518143162467094,5,0.13
2026-03-20 14:00:01,BARD-USDT,LONG,0.56571312,0.5609,-0.9808,6606,TIME_STOP,0.0,5,0.13
2026-03-20 14:00:01,OWL-USDT,SHORT,0.00409918,0.00418,-2.1016,6606,STOP_LOSS,0.0,5,0.13
2026-03-20 14:00:01,TESTICLE-USDT,SHORT,0.008478304,0.00847,-0.0321,6606,TIME_STOP,0.0,5,0.13
2026-03-20 14:00:01,KITE-USDT,SHORT,0.21528693399999999,0.21854,-1.641,6606,STOP_LOSS,0.0,5,0.13
2026-03-20 14:10:01,PHA-USDT,SHORT,0.043301338,0.0383,11.4201,7207,TAKE_PROFIT,11.420077274748419,5,0.13
2026-03-20 14:10:01,UAI-USDT,SHORT,0.5951809400000001,0.568,4.4368,7207,TAKE_PROFIT,4.4368364312876265,5,0.13
2026-03-20 14:10:01,ARIA-USDT,SHORT,0.18152368800000002,0.19261,-6.2374,6606,STOP_LOSS,0.0,5,0.13
2026-03-20 14:10:01,PTB-USDT,SHORT,0.0014197160000000001,0.001423,-0.3613,6606,TIME_STOP,0.0,5,0.13
2026-03-20 14:10:01,LYN-USDT,SHORT,0.086402716,0.08223,4.6994,6606,TAKE_PROFIT,4.699380594934084,5,0.13
2026-03-20 14:10:01,CHECK-USDT,SHORT,0.054859026000000005,0.0543,0.889,24265,TIME_STOP,0.8890228313568748,5,0.13
2026-03-20 14:10:01,ARC-USDT,SHORT,0.048150368000000006,0.04838,-0.6069,24265,TIME_STOP,0.0,5,0.13
2026-03-20 14:10:01,EDGEX-USDT,SHORT,0.68976202,0.6675,3.0975,24265,TAKE_PROFIT,3.09749286775749,5,0.13
2026-03-20 14:20:03,STO-USDT,SHORT,0.091921612,0.09983,-8.7334,24265,STOP_LOSS,0.0,5,0.13
2026-03-20 14:20:03,AIA-USDT,SHORT,0.10542891,0.1047,0.5614,24265,TIME_STOP,0.5613758285085175,5,0.13
2026-03-20 14:20:03,TRIA-USDT,SHORT,0.039952008000000004,0.04004,-0.3502,24265,TIME_STOP,0.0,5,0.13
2026-03-20 14:20:03,BEAT-USDT,SHORT,0.57018594,0.5805,-1.9389,24265,STOP_LOSS,0.0,5,0.13
2026-03-20 14:20:03,ZBCN-USDT,SHORT,0.00256288732,0.0025634,-0.15,24265,TIME_STOP,0.0,5,0.13
2026-03-20 14:20:03,RTX-USDT,SHORT,1.9256148,1.907,0.8367,24265,TIME_STOP,0.8366938579823925,5,0.13
2026-03-20 14:20:03,PUMPBTC-USDT,SHORT,0.014507098000000001,0.01433,1.0908,24265,TIME_STOP,1.090767930291782,5,0.13
2026-03-20 14:20:03,BARD-USDT,SHORT,0.54819034,0.5448,0.4885,10064,TIME_STOP,0.48846036907546525,5,0.13
2026-03-20 14:20:03,TESTICLE-USDT,SHORT,0.008238352000000001,0.00723,12.1097,10064,TAKE_PROFIT,12.109729499297924,5,0.13
2026-03-20 14:20:03,PHA-USDT,SHORT,0.03964207,0.0383,3.2555,10064,TAKE_PROFIT,3.2554690231867323,5,0.13
2026-03-20 14:30:04,SIGN-USDT,SHORT,0.04650069800000001,0.04647,-0.064,10064,TIME_STOP,0.0,5,0.13
2026-03-20 14:30:04,DEGO-USDT,SHORT,0.40431912,0.3815,5.5138,10064,TAKE_PROFIT,5.513838955723878,5,0.13
2026-03-20 14:30:04,OWL-USDT,SHORT,0.00404919,0.00426,-5.3362,10064,STOP_LOSS,0.0,5,0.13
2026-03-20 14:30:04,KITE-USDT,SHORT,0.21120775,0.21015,0.3708,10064,TIME_STOP,0.3708102212158391,5,0.13
2026-03-20 14:30:04,UAI-USDT,SHORT,0.5483903,0.3901,28.7345,10064,TAKE_PROFIT,28.73453316187394,5,0.13
2026-03-20 14:30:04,ARIA-USDT,SHORT,0.20019995200000001,0.20182,-0.9392,10064,TIME_STOP,0.0,5,0.13
2026-03-20 14:30:04,PTB-USDT,SHORT,0.0013927214,0.001401,-0.7244,10064,TIME_STOP,0.0,5,0.13
2026-03-20 14:30:04,LYN-USDT,SHORT,0.070555886,0.06569,6.7665,10064,TAKE_PROFIT,6.766499039073792,5,0.13
2026-03-20 14:40:05,STO-USDT,SHORT,0.102609474,0.1051,-2.5572,601,STOP_LOSS,0.0,5,0.13
2026-03-20 14:40:05,CHECK-USDT,SHORT,0.054819033999999996,0.055,-0.4601,1810,TIME_STOP,0.28780013854311276,5,0.13
2026-03-20 14:40:05,BARD-USDT,LONG,0.540108,0.5408,-0.0019,1209,TIME_STOP,0.0,5,0.13
2026-03-20 14:40:05,TESTICLE-USDT,SHORT,0.007258548,0.00733,-1.1144,1209,TIME_STOP,0.0,5,0.13
2026-03-20 14:50:06,EDGEX-USDT,SHORT,0.66006796,0.6669,-1.1651,1810,TIME_STOP,0.0,5,0.13
2026-03-20 14:50:06,AIA-USDT,SHORT,0.100169962,0.10028,-0.2399,1810,TIME_STOP,0.36911369637936625,5,0.13
2026-03-20 14:50:06,BEAT-USDT,SHORT,0.58648268,0.5736,2.0666,1810,TIME_STOP,2.0666002474276026,5,0.13
2026-03-20 14:50:06,PHA-USDT,SHORT,0.03829234,0.03759,1.7042,1209,TIME_STOP,1.7041527313295624,5,0.13
2026-03-20 14:50:06,PUMPBTC-USDT,SHORT,0.014287142000000001,0.01437,-0.7099,1810,TIME_STOP,0.0,5,0.13
2026-03-20 14:50:06,SIGN-USDT,LONG,0.046649328,0.04647,-0.5144,1209,TIME_STOP,0.0,5,0.13
2026-03-20 14:50:06,DEGO-USDT,SHORT,0.38352328,0.3777,1.3884,1209,TIME_STOP,1.388364152496829,5,0.13
2026-03-20 14:50:06,OWL-USDT,SHORT,0.004239152,0.00437,-3.2167,1209,STOP_LOSS,0.0,5,0.13
2026-03-20 14:50:06,KITE-USDT,LONG,0.211282248,0.21282,0.5978,1209,TIME_STOP,0.5978188369143078,5,0.13
2026-03-20 14:50:06,ARC-USDT,SHORT,0.04719056,0.04829,-2.4598,1810,STOP_LOSS,0.0,5,0.13
2026-03-20 14:50:06,TRIA-USDT,SHORT,0.035982802,0.03653,-1.6507,1810,STOP_LOSS,0.0,5,0.13
2026-03-20 14:50:06,RTX-USDT,SHORT,1.8576284,1.873,-0.9575,1810,TIME_STOP,0.0,5,0.13
2026-03-20 14:50:06,UAI-USDT,SHORT,0.40661866,0.3948,2.7766,1209,TIME_STOP,2.776570987175069,5,0.13
2026-03-20 14:50:06,ARIA-USDT,LONG,0.205261044,0.20587,0.1667,1209,TIME_STOP,0.1666739270798963,5,0.13
2026-03-20 15:00:07,PTB-USDT,SHORT,0.001389722,0.001401,-0.9415,1209,TIME_STOP,0.0,5,0.13
2026-03-20 15:00:07,LYN-USDT,SHORT,0.06588682,0.06588,-0.1196,1209,TIME_STOP,0.0,5,0.13
2026-03-20 15:00:07,STO-USDT,SHORT,0.10538891800000001,0.10542,-0.1595,1195,TIME_STOP,0.0,5,0.13
2026-03-20 15:10:08,CHECK-USDT,SHORT,0.053029391999999995,0.05304,-0.15,1202,TIME_STOP,0.0,5,0.13
2026-03-20 15:10:08,BARD-USDT,LONG,0.5431086,0.5445,0.1262,1202,TIME_STOP,0.126191855551529,5,0.13
2026-03-20 15:10:08,EDGEX-USDT,SHORT,0.65916814,0.6564,0.2899,1202,TIME_STOP,0.28994444695097527,5,0.13
2026-03-20 15:10:08,AIA-USDT,SHORT,0.09947010199999999,0.09967,-0.331,1202,TIME_STOP,0.0,5,0.13
2026-03-20 15:10:08,BEAT-USDT,LONG,0.5681135999999999,0.5704,0.2725,1202,TIME_STOP,0.2724547203235644,5,0.13
2026-03-20 15:10:08,PHA-USDT,SHORT,0.037942409999999996,0.03803,-0.3608,1202,TIME_STOP,0.0,5,0.13
2026-03-20 15:10:08,PUMPBTC-USDT,SHORT,0.014317136,0.0143,-0.0103,1202,TIME_STOP,0.0,5,0.13
2026-03-20 15:10:08,SIGN-USDT,SHORT,0.046180762,0.04654,-0.9079,1202,TIME_STOP,0.0,5,0.13
2026-03-20 15:10:08,DEGO-USDT,SHORT,0.3719256,0.3737,-0.6071,1202,TIME_STOP,0.0,5,0.13
2026-03-20 15:20:09,OWL-USDT,SHORT,0.004429114,0.00445,-0.6016,1202,TIME_STOP,0.0,5,0.13
2026-03-20 15:20:09,ARC-USDT,SHORT,0.048480302,0.04726,2.3871,1202,TIME_STOP,2.3871089074486367,5,0.13
2026-03-20 15:20:09,TRIA-USDT,SHORT,0.036702658,0.03661,0.1225,1202,TIME_STOP,0.12245583031071594,5,0.13
2026-03-20 15:20:09,RTX-USDT,SHORT,1.8606278,1.884,-1.3861,1202,TIME_STOP,0.0,5,0.13
2026-03-20 15:20:09,UAI-USDT,SHORT,0.38402318,0.3673,4.2247,1202,TAKE_PROFIT,4.224731920088783,5,0.13
2026-03-20 15:20:09,PTB-USDT,SHORT,0.0013877224,0.001389,-0.2221,1202,TIME_STOP,0.0,5,0.13
2026-03-20 15:20:09,LYN-USDT,SHORT,0.06738652,0.06622,1.6011,1202,TIME_STOP,1.6010880573740922,5,0.13
2026-03-20 15:20:09,TESTICLE-USDT,SHORT,0.0075884820000000006,0.00778,-2.6538,602,STOP_LOSS,0.0,5,0.13
2026-03-20 15:30:11,STO-USDT,SHORT,0.10520895400000001,0.10843,-3.1916,602,STOP_LOSS,0.0,5,0.13
2026-03-20 15:40:13,KITE-USDT,SHORT,0.215696852,0.21458,0.3878,1203,TIME_STOP,0.38778780712108013,5,0.13
2026-03-20 15:40:13,CHECK-USDT,SHORT,0.05263947,0.05256,0.021,1202,TIME_STOP,0.020970365013170074,5,0.13
2026-03-20 15:40:13,BARD-USDT,LONG,0.54540906,0.5499,0.6934,1202,TIME_STOP,0.693407663965108,5,0.13
2026-03-20 15:40:13,EDGEX-USDT,SHORT,0.65066984,0.6543,-0.6879,1202,TIME_STOP,0.12663399428503297,5,0.13
2026-03-20 16:00:15,AIA-USDT,SHORT,0.099510094,0.09985,-0.4716,1202,TIME_STOP,0.0,5,0.13
2026-03-20 16:00:15,PHA-USDT,SHORT,0.038322334000000007,0.038,0.7111,1202,TIME_STOP,0.7111126524809459,5,0.13
2026-03-20 16:00:15,PUMPBTC-USDT,SHORT,0.014227154,0.01413,0.5529,1202,TIME_STOP,0.552877264138705,5,0.13
2026-03-20 16:00:15,SIGN-USDT,LONG,0.046729344,0.04687,0.171,1202,TIME_STOP,0.17100144354691327,5,0.13
2026-03-20 16:00:15,OWL-USDT,SHORT,0.00444911,0.00459,-3.2967,1202,STOP_LOSS,0.0,5,0.13
2026-03-20 16:00:15,ARC-USDT,SHORT,0.047420514000000004,0.04794,-1.2255,1202,TIME_STOP,0.0,5,0.13
2026-03-20 16:00:15,TRIA-USDT,LONG,0.036277253999999995,0.03601,-0.8667,1202,TIME_STOP,0.0,5,0.13
2026-03-20 16:00:15,RTX-USDT,SHORT,1.8516296,1.856,-0.366,1202,TIME_STOP,0.0,5,0.13
2026-03-20 16:00:15,UAI-USDT,SHORT,0.37912416,0.388,-2.4711,1202,STOP_LOSS,0.11376183253528535,5,0.13
2026-03-20 16:00:15,ARIA-USDT,SHORT,0.202599472,0.20444,-1.0385,1202,TIME_STOP,0.0,5,0.13
2026-03-20 16:00:15,PTB-USDT,SHORT,0.0013957208,0.001379,1.068,1202,TIME_STOP,1.0680046439087294,5,0.13
2026-03-20 16:00:15,LYN-USDT,SHORT,0.065576882,0.06266,4.318,1202,TAKE_PROFIT,4.31803398856324,5,0.13
2026-03-20 16:10:16,TESTICLE-USDT,SHORT,0.007608478,0.00772,-1.5958,607,STOP_LOSS,0.0,5,0.13
2026-03-20 16:10:16,BEAT-USDT,LONG,0.57121422,0.5734,0.2527,1208,TIME_STOP,0.25265503964520114,5,0.13
2026-03-20 16:10:16,STO-USDT,SHORT,0.107948406,0.10448,3.083,1208,TAKE_PROFIT,3.083021969032126,5,0.13
2026-03-20 16:20:17,CHECK-USDT,SHORT,0.052549488000000005,0.05256,-0.15,1196,TIME_STOP,0.0,5,0.13
2026-03-20 16:20:17,BARD-USDT,LONG,0.55081014,0.5485,-0.5494,1196,TIME_STOP,0.0,5,0.13
2026-03-20 16:20:17,AIN-USDT,SHORT,0.08713257,0.08787,-0.9763,1196,TIME_STOP,0.0,5,0.13
2026-03-20 16:20:17,EDGEX-USDT,SHORT,0.659868,0.6678,-1.3321,1196,TIME_STOP,0.0,5,0.13
2026-03-20 16:20:17,AIA-USDT,SHORT,0.099570082,0.10023,-0.7928,1196,TIME_STOP,0.0,5,0.13
2026-03-20 16:20:17,PHA-USDT,LONG,0.037967592,0.0383,0.7455,1196,TIME_STOP,0.7455045618905706,5,0.13
2026-03-20 16:20:17,PUMPBTC-USDT,SHORT,0.014157168000000001,0.01427,-0.927,1196,TIME_STOP,0.0,5,0.13
2026-03-20 16:20:17,DEGO-USDT,SHORT,0.36832632000000004,0.375,-1.9419,1196,STOP_LOSS,0.0,5,0.13
2026-03-20 16:20:17,APR-USDT,SHORT,0.12950409400000001,0.1338,-3.4472,1196,STOP_LOSS,0.0,5,0.13
2026-03-20 16:30:19,OWL-USDT,SHORT,0.004519096,0.00503,-11.4354,1196,STOP_LOSS,0.0,5,0.13
2026-03-20 16:30:19,PIPPIN-USDT,SHORT,0.10457908,0.10511,-0.6377,1196,TIME_STOP,0.0,5,0.13
2026-03-20 16:30:19,ARC-USDT,SHORT,0.04794041,0.0483,-0.8801,1196,TIME_STOP,0.0,5,0.13
2026-03-20 16:30:19,TRIA-USDT,LONG,0.035757149999999994,0.03535,-1.2687,1196,TIME_STOP,0.0,5,0.13
2026-03-20 16:30:19,RTX-USDT,SHORT,1.8606278,1.857,0.065,1196,TIME_STOP,0.064977200706131,5,0.13
2026-03-20 16:30:19,UAI-USDT,SHORT,0.38922214,0.398,-2.3852,1196,STOP_LOSS,0.0,5,0.13
2026-03-20 16:30:19,LYN-USDT,SHORT,0.063317334,0.06591,-4.2247,1196,STOP_LOSS,0.0,5,0.13
2026-03-20 16:40:20,CHECK-USDT,LONG,0.05426085,0.05277,-2.8776,602,STOP_LOSS,0.0,5,0.13
2026-03-20 16:50:21,TESTICLE-USDT,SHORT,0.0077484500000000005,0.00776,-0.2791,1203,TIME_STOP,0.0,5,0.13
2026-03-20 16:50:21,XNY-USDT,SHORT,0.005338932,0.005374,-0.7868,1203,TIME_STOP,0.0,5,0.13
2026-03-20 16:50:21,BEAT-USDT,LONG,0.56841366,0.5723,0.5537,1203,TIME_STOP,0.5537168550805038,5,0.13
2026-03-20 16:50:21,NCSI724SP5002USD-USDT,SHORT,6530.7935800000005,6518.9,0.0521,1203,TIME_STOP,0.05211538696344523,5,0.13
2026-03-20 16:50:21,NCSI724NASDAQ1002USD-USDT,SHORT,23977.2036,23923.0,0.0961,1203,TIME_STOP,0.0960630593302412,5,0.13
2026-03-20 16:50:21,STO-USDT,SHORT,0.10357928,0.10257,0.8444,1203,TIME_STOP,0.9312933397490252,5,0.13
2026-03-20 16:50:21,TRIA-USDT,SHORT,0.035202958,0.03578,-1.7692,602,STOP_LOSS,0.0,5,0.13
2026-03-20 16:50:21,UAI-USDT,SHORT,0.40101978000000005,0.4077,-1.7958,602,STOP_LOSS,0.0,5,0.13
2026-03-20 16:50:21,ARIA-USDT,SHORT,0.20340931,0.20449,-0.6613,1203,TIME_STOP,0.0,5,0.13
2026-03-20 17:10:24,LYN-USDT,SHORT,0.06465706600000001,0.0666,-3.135,602,STOP_LOSS,0.0,5,0.13
2026-03-20 17:10:24,XAN-USDT,SHORT,0.010858827800000002,0.011097,-2.3234,1210,STOP_LOSS,0.0,5,0.13
2026-03-20 17:10:24,BARD-USDT,SHORT,0.54769044,0.5445,0.4525,1210,TIME_STOP,0.45252614378297656,5,0.13
2026-03-20 17:10:24,EDGEX-USDT,SHORT,0.66566684,0.6677,-0.4354,1210,TIME_STOP,0.0,5,0.13
2026-03-20 17:10:24,AIA-USDT,SHORT,0.10090981400000001,0.10059,0.1869,1210,TIME_STOP,0.18693052174292524,5,0.13
2026-03-20 17:10:24,PHA-USDT,LONG,0.038097618,0.03796,-0.4912,1210,TIME_STOP,0.0,5,0.13
2026-03-20 17:10:24,PUMPBTC-USDT,SHORT,0.014237152,0.01412,0.6929,1210,TIME_STOP,0.7630999683082696,5,0.13
2026-03-20 17:10:24,DEGO-USDT,SHORT,0.37202557999999997,0.3713,0.065,1210,TIME_STOP,0.46823305698493894,5,0.13
2026-03-20 17:10:24,APR-USDT,SHORT,0.13212357,0.13075,0.9096,1210,TIME_STOP,0.909610116499267,5,0.13
2026-03-20 17:10:24,ATH-USDT,LONG,0.007981595999999999,0.00792,-0.9017,1210,TIME_STOP,0.0,5,0.13
2026-03-20 17:10:24,OWL-USDT,SHORT,0.00509898,0.0048,5.7335,608,TAKE_PROFIT,5.733525646305747,5,0.13
2026-03-20 17:30:26,PIPPIN-USDT,SHORT,0.105798836,0.10218,3.2905,1210,TAKE_PROFIT,3.2904875373108893,5,0.13
2026-03-20 17:30:26,LONGXIA-USDT,SHORT,0.010312937,0.010159,1.3627,1210,TIME_STOP,1.3626591716792202,5,0.13
2026-03-20 17:30:26,ARC-USDT,SHORT,0.04884023,0.04861,0.3414,1210,TIME_STOP,0.3413941764811467,5,0.13
2026-03-20 17:30:26,ZETA-USDT,LONG,0.05761152,0.05768,-0.0111,1210,TIME_STOP,0.0,5,0.13
2026-03-20 17:30:26,RTX-USDT,SHORT,1.8606278,1.903,-2.4073,1210,STOP_LOSS,0.0,5,0.13
2026-03-20 17:30:26,CHECK-USDT,SHORT,0.052759446,0.0528,-0.2069,1797,TIME_STOP,0.0,5,0.13
2026-03-20 17:30:26,AIN-USDT,SHORT,0.087012594,0.08797,-1.2303,1797,TIME_STOP,0.0,5,0.13
2026-03-20 17:30:26,TESTICLE-USDT,SHORT,0.007568486,0.00749,0.907,1797,TIME_STOP,0.907010572524016,5,0.13
2026-03-20 17:30:26,XNY-USDT,SHORT,0.005359927800000001,0.005285,1.2679,1797,TIME_STOP,1.2679255466836874,5,0.13
2026-03-20 17:40:28,BEAT-USDT,LONG,0.56941386,0.5698,-0.0622,1797,TIME_STOP,0.0,5,0.13
2026-03-20 17:40:28,NCSI724SP5002USD-USDT,SHORT,6505.6986,6502.8,-0.0854,1797,TIME_STOP,0.0,5,0.13
2026-03-20 17:40:28,NCSI724NASDAQ1002USD-USDT,SHORT,23870.225000000002,23861.0,-0.0914,1797,TIME_STOP,0.0,5,0.13
2026-03-20 17:40:28,KITE-USDT,SHORT,0.216966598,0.21626,0.1957,2405,TIME_STOP,0.1956713275284902,5,0.13
2026-03-20 17:40:28,BUTTCOIN-USDT,SHORT,0.013557287999999999,0.01374,-1.4777,1797,TIME_STOP,0.0,5,0.13
2026-03-20 17:40:28,STO-USDT,SHORT,0.101369722,0.10212,-0.8701,1797,TIME_STOP,0.0,5,0.13
2026-03-20 17:40:28,TRIA-USDT,LONG,0.035517102,0.03609,1.483,1797,TIME_STOP,1.4830201163371808,5,0.13
2026-03-20 18:10:31,UAI-USDT,SHORT,0.41671664,0.4231,-1.6618,1797,STOP_LOSS,0.0,5,0.13
2026-03-20 18:10:31,ARIA-USDT,SHORT,0.205888814,0.20295,1.2974,1797,TIME_STOP,1.2973791484368895,5,0.13
2026-03-20 18:10:31,LYN-USDT,SHORT,0.065146968,0.06442,0.9859,1797,TIME_STOP,0.9858892306392439,5,0.13
2026-03-20 18:10:31,XAN-USDT,SHORT,0.010827834,0.011112,-2.7544,1203,STOP_LOSS,0.0,5,0.13
2026-03-20 18:10:31,BARD-USDT,SHORT,0.54149168,0.5438,-0.5563,1203,TIME_STOP,0.0,5,0.13
2026-03-20 18:10:31,IRYS-USDT,SHORT,0.0207218548,0.020518,0.8538,1203,TIME_STOP,0.8537671481029782,5,0.13
2026-03-20 18:10:31,EDGEX-USDT,SHORT,0.66626672,0.6645,0.1352,1203,TIME_STOP,0.13516707903405406,5,0.13
2026-03-20 18:10:31,AIA-USDT,SHORT,0.100059984,0.10086,-0.9295,1203,TIME_STOP,0.0,5,0.13
2026-03-20 18:10:31,PHA-USDT,LONG,0.038287656,0.03827,-0.1761,1203,TIME_STOP,0.0,5,0.13
2026-03-20 18:10:31,PUMPBTC-USDT,SHORT,0.014047190000000001,0.01412,-0.6483,1203,TIME_STOP,0.0,5,0.13
2026-03-20 18:10:31,APR-USDT,SHORT,0.13272345000000002,0.13291,-0.2706,1203,TIME_STOP,0.0,5,0.13
2026-03-20 18:20:32,ATH-USDT,SHORT,0.007838432,0.00778,0.6155,1203,TIME_STOP,0.6154552134916749,5,0.13
2026-03-20 18:20:32,PIPPIN-USDT,SHORT,0.101799636,0.102,-0.3268,1203,TIME_STOP,0.0,5,0.13
2026-03-20 18:20:32,LONGXIA-USDT,SHORT,0.0100099976,0.009924,0.7291,1203,TIME_STOP,0.7291170890990043,5,0.13
2026-03-20 18:20:32,ARC-USDT,SHORT,0.048780242,0.04954,-1.6875,1203,STOP_LOSS,0.0,5,0.13
2026-03-20 18:20:32,ZETA-USDT,SHORT,0.057798438,0.05754,0.3171,1203,TIME_STOP,0.31713665099392435,5,0.13
2026-03-20 18:20:32,RTX-USDT,SHORT,1.8706258,1.869,-0.0431,1203,TIME_STOP,0.0,5,0.13
2026-03-20 18:30:33,CHECK-USDT,LONG,0.05386077,0.05415,0.407,1202,TIME_STOP,0.40699566493385547,5,0.13
2026-03-20 18:40:34,TESTICLE-USDT,SHORT,0.007458508,0.00748,-0.4182,1202,TIME_STOP,0.11814614397409706,5,0.13
2026-03-20 18:40:34,XNY-USDT,SHORT,0.005293941,0.005322,-0.66,1202,TIME_STOP,0.07667022922997357,5,0.13
2026-03-20 18:40:34,BEAT-USDT,LONG,0.55941186,0.5506,-1.7052,1202,STOP_LOSS,0.0,5,0.13
2026-03-20 18:40:34,NCSI724SP5002USD-USDT,SHORT,6494.60082,6485.1,0.0163,1202,TIME_STOP,0.13638773466603105,5,0.13
2026-03-20 18:40:34,NCSI724NASDAQ1002USD-USDT,SHORT,23837.2316,23791.0,0.0639,1202,TIME_STOP,0.12687378898478785,5,0.13
2026-03-20 18:40:34,DEGO-USDT,SHORT,0.3709258,0.373,-0.6892,1202,TIME_STOP,0.7396618029805423,5,0.13
2026-03-20 18:40:34,APR-USDT,SHORT,0.13157368,0.13421,-2.1337,595,STOP_LOSS,0.0,5,0.13
2026-03-20 18:40:34,OWL-USDT,SHORT,0.004309138,0.00425,1.2424,1202,TIME_STOP,1.242385846078714,5,0.13
2026-03-20 18:40:34,BUTTCOIN-USDT,SHORT,0.014797040000000001,0.01469,0.5934,1202,TIME_STOP,0.5933879208274151,5,0.13
2026-03-20 18:40:34,TRIA-USDT,SHORT,0.035702858,0.03557,0.2421,1202,TIME_STOP,0.24212146993946418,5,0.13
2026-03-20 18:50:35,UAI-USDT,SHORT,0.42671464000000003,0.4437,-4.1105,1202,STOP_LOSS,0.0,5,0.13
2026-03-20 18:50:35,ARIA-USDT,SHORT,0.201779636,0.20085,0.3307,1202,TIME_STOP,0.3307184443528342,5,0.13
2026-03-20 18:50:35,LYN-USDT,SHORT,0.065816834,0.0648,1.4149,1202,TIME_STOP,1.4149451731452292,5,0.13
2026-03-20 18:50:35,XAN-USDT,SHORT,0.011036792200000001,0.011093,-0.6393,3006,TIME_STOP,0.0,5,0.13
2026-03-20 18:50:35,BARD-USDT,LONG,0.5441088000000001,0.5414,-0.6278,3006,TIME_STOP,0.0,5,0.13
2026-03-20 18:50:35,TRADOOR-USDT,SHORT,1.8486302000000001,2.009,-8.8051,3006,STOP_LOSS,0.3368429629679333,5,0.13
2026-03-20 18:50:35,EDGEX-USDT,SHORT,0.66456706,0.6692,-0.8271,3006,TIME_STOP,0.0,5,0.13
2026-03-20 18:50:35,AIA-USDT,SHORT,0.10155968400000001,0.10099,0.4309,2411,TIME_STOP,0.43093518368963685,5,0.13
2026-03-20 18:50:35,PHA-USDT,SHORT,0.038182362000000004,0.03823,-0.2548,3006,TIME_STOP,0.0,5,0.13
2026-03-20 18:50:35,PUMPBTC-USDT,SHORT,0.014127174000000001,0.01418,-0.5039,3006,TIME_STOP,0.0,5,0.13
2026-03-20 18:50:35,ATH-USDT,LONG,0.007781555999999999,0.0077,-1.1781,3006,TIME_STOP,0.0,5,0.13
2026-03-20 19:00:36,PIPPIN-USDT,SHORT,0.10202959,0.09942,2.4277,3006,TIME_STOP,2.4276795907932285,5,0.13
2026-03-20 19:00:36,LONGXIA-USDT,SHORT,0.0099290138,0.009832,0.8471,3006,TIME_STOP,0.8470738761587804,5,0.13
2026-03-20 19:00:36,ARC-USDT,SHORT,0.049520094,0.04903,0.8597,3006,TIME_STOP,0.8596871358927618,5,0.13
2026-03-20 19:00:36,STO-USDT,SHORT,0.10166966200000001,0.10076,0.7647,3006,TIME_STOP,0.7647231475993354,5,0.13
2026-03-20 19:00:36,ZETA-USDT,SHORT,0.057408516,0.05738,-0.0803,3006,TIME_STOP,0.5293377191634815,5,0.13
2026-03-20 19:00:36,RTX-USDT,SHORT,1.9036192,1.915,-0.7279,3006,TIME_STOP,0.8480947786195924,5,0.13
2026-03-20 19:10:37,BUTTCOIN-USDT,SHORT,0.015266946000000002,0.01457,4.4351,596,TAKE_PROFIT,4.4350649448815895,5,0.13
2026-03-20 19:20:38,XAN-USDT,SHORT,0.0112097576,0.011246,-0.4533,1809,TIME_STOP,0.0,5,0.13
2026-03-20 19:20:38,CHECK-USDT,LONG,0.05406081,0.0541,-0.0575,2405,TIME_STOP,0.0,5,0.13
2026-03-20 19:20:38,BARD-USDT,LONG,0.53940786,0.5428,0.4989,1809,TIME_STOP,0.4988636580119519,5,0.13
2026-03-20 19:20:38,TRADOOR-USDT,SHORT,2.0215956,2.094,-3.7115,1809,STOP_LOSS,0.0,5,0.13
2026-03-20 19:20:38,IRYS-USDT,SHORT,0.0209348122,0.021308,-1.9126,1809,STOP_LOSS,0.0,5,0.13
2026-03-20 19:20:38,TESTICLE-USDT,SHORT,0.0074985,0.0075,-0.15,2405,TIME_STOP,0.0,5,0.13
2026-03-20 19:20:38,EDGEX-USDT,SHORT,0.67026592,0.7102,-6.0879,1809,STOP_LOSS,0.0,5,0.13
2026-03-20 19:20:38,XNY-USDT,SHORT,0.0053229352,0.005312,0.0754,2405,TIME_STOP,0.07543552737595188,5,0.13
2026-03-20 19:20:38,AIA-USDT,SHORT,0.099360124,0.09993,-0.7035,1809,TIME_STOP,0.0,5,0.13
2026-03-20 19:20:38,BEAT-USDT,LONG,0.5476095,0.5449,-0.6248,1809,TIME_STOP,0.0,5,0.13
2026-03-20 19:20:38,PHA-USDT,SHORT,0.038282342,0.03829,-0.15,1809,TIME_STOP,0.0,5,0.13
2026-03-20 19:20:38,NCSI724SP5002USD-USDT,SHORT,6514.09692,6526.9,-0.3265,2405,TIME_STOP,0.0,5,0.13
2026-03-20 19:20:38,NCSI724NASDAQ1002USD-USDT,SHORT,23897.2196,23967.0,-0.422,2405,TIME_STOP,0.0,5,0.13
2026-03-20 19:20:38,PUMPBTC-USDT,SHORT,0.014117176,0.01414,-0.2917,1809,TIME_STOP,0.0,5,0.13
2026-03-20 19:20:38,DEGO-USDT,SHORT,0.38122374,0.393,-3.2191,2405,STOP_LOSS,0.0,5,0.13
2026-03-20 19:20:38,ATH-USDT,SHORT,0.007618476,0.00765,-0.5438,1809,TIME_STOP,0.0,5,0.13
2026-03-20 19:20:38,OWL-USDT,SHORT,0.004229154000000001,0.00413,2.2145,2405,TIME_STOP,2.2145351008736167,5,0.13
2026-03-20 19:20:38,PIPPIN-USDT,SHORT,0.100059984,0.09952,0.4097,1809,TIME_STOP,0.40966029017155076,5,0.13
2026-03-20 19:40:40,LONGXIA-USDT,SHORT,0.0098970202,0.009995,-1.12,1809,TIME_STOP,0.0,5,0.13
2026-03-20 19:40:40,STO-USDT,SHORT,0.10087982000000001,0.10074,0.0086,1809,TIME_STOP,0.008600564513311683,5,0.13
2026-03-20 19:40:40,TRIA-USDT,LONG,0.035437086,0.03573,0.6966,2405,TIME_STOP,0.6965747358572267,5,0.13
2026-03-20 19:40:40,ZETA-USDT,SHORT,0.057168564000000005,0.05741,-0.5523,1809,TIME_STOP,0.0,5,0.13
2026-03-20 19:40:40,RTX-USDT,SHORT,1.8566286,1.888,-1.8197,1809,STOP_LOSS,0.0,5,0.13
2026-03-20 19:40:40,UAI-USDT,SHORT,0.43321334,0.437,-1.0041,2405,TIME_STOP,0.0,5,0.13
2026-03-20 19:40:40,ARIA-USDT,SHORT,0.19997999600000002,0.20034,-0.31,1809,TIME_STOP,0.0,5,0.13
2026-03-20 19:40:40,LYN-USDT,SHORT,0.06755648600000001,0.06552,2.8845,2405,TIME_STOP,2.884493678667682,5,0.13
2026-03-20 20:10:44,BUTTCOIN-USDT,LONG,0.015223043999999998,0.01495,-1.9236,1196,STOP_LOSS,0.0,5,0.13
2026-03-20 20:50:48,XAN-USDT,SHORT,0.011113776799999999,0.011155,-0.5009,1202,TIME_STOP,0.0,5,0.13
2026-03-20 20:50:48,CHECK-USDT,SHORT,0.054159166,0.05292,2.158,1202,TIME_STOP,2.1580079061778754,5,0.13
2026-03-20 20:50:48,BARD-USDT,LONG,0.5440087800000001,0.5458,0.1993,1202,TIME_STOP,0.3279374619652104,5,0.13
2026-03-20 20:50:48,IRYS-USDT,SHORT,0.021396719800000002,0.021492,-0.5753,1202,TIME_STOP,0.5744061024718415,5,0.13
2026-03-20 20:50:48,TESTICLE-USDT,SHORT,0.007808438,0.00791,-1.4307,1202,TIME_STOP,0.0,5,0.13
2026-03-20 20:50:48,EDGEX-USDT,SHORT,0.70125972,0.7172,-2.4031,1202,STOP_LOSS,0.0,5,0.13
2026-03-20 20:50:48,AIA-USDT,SHORT,0.100169962,0.1009,-0.8588,1202,TIME_STOP,0.0,5,0.13
2026-03-20 20:50:48,BEAT-USDT,SHORT,0.54229152,0.536,1.0302,1202,TIME_STOP,1.030173037557363,5,0.13
2026-03-20 20:50:48,PHA-USDT,LONG,0.038517702,0.03857,0.0058,1202,TIME_STOP,0.6807908410527775,5,0.13
2026-03-20 20:50:48,NCSI724SP5002USD-USDT,SHORT,6571.78538,6565.1,-0.0283,1202,TIME_STOP,0.0,5,0.13
2026-03-20 20:50:48,NCSI724NASDAQ1002USD-USDT,SHORT,24034.1922,24025.0,-0.0918,1202,TIME_STOP,0.0,5,0.13
2026-03-20 20:50:48,PUMPBTC-USDT,SHORT,0.014237152,0.01427,-0.3607,1202,TIME_STOP,0.0,5,0.13
2026-03-20 20:50:48,BITLIGHT-USDT,SHORT,0.2144571,0.21472,-0.2526,1202,TIME_STOP,0.0,5,0.13
2026-03-20 20:50:48,DEGO-USDT,SHORT,0.39022194,0.3792,2.6945,1202,TIME_STOP,2.6945310860788627,5,0.13
2026-03-20 20:50:48,APR-USDT,SHORT,0.130753844,0.12916,1.089,1202,TIME_STOP,1.1425010210789655,5,0.13
